[
  {
    "store_id": "1",
    "store_name": "串焼き市場",
    "title": "居酒屋",
    "hero_image": "https://i.imgur.com/a8MQMWq.png",
    "store_logo": "https://i.imgur.com/a8MQMWq.png",
    "google_img": "https://i.imgur.com/NGYI7cU.png",
    "google_link": "https://g.page/r/CQZK9aLDn-QGEBM/review",
    "store_link": null,
    "questions": [
      {
        "id": "q1",
        "label": "評価【5点満点中】",
        "type": "select",
        "options": [
          "1点",
          "2点",
          "3点",
          "4点",
          "5点"
        ]
      },
      {
        "id": "q2",
        "label": "性別",
        "type": "select",
        "options": [
          "男性",
          "女性",
          "未回答"
        ]
      },
      {
        "id": "q3",
        "label": "年齢",
        "type": "select",
        "options": [
          "10代",
          "20代",
          "30代",
          "40代",
          "50代",
          "60代"
        ]
      },
      {
        "id": "q4",
        "label": "コース名・サービス名",
        "type": "select",
        "options": [
          "もつ鍋",
          "焼き鳥"
        ]
      },
      {
        "id": "q5",
        "label": "良かった点",
        "type": "select",
        "options": [
          "接客がいい",
          "技術力がある",
          "天兄の雰囲気がオシャレ"
        ]
      },
      {
        "id": "q6",
        "label": null,
        "type": "textarea",
        "placeholder": "例：スタッフさんがとても親切でした。"
      }
    ]
  },
  {
    "store_id": "2",
    "store_name": "Stimu nail",
    "title": "ネイルサロン",
    "hero_image": "file:///Users/takizawamakoto/Downloads/%E4%B8%B2%E7%84%BC%E5%B8%82%E5%A0%B4%E6%A7%98%E3%83%A8%E3%82%B3%E7%B4%8D%E5%93%81%E7%94%A8_page-0001.jpg",
    "store_logo": "/Users/takizawamakoto/Downloads/串焼市場様ヨコ納品用_page-0001.jpg",
    "google_img": "",
    "google_link": "https://g.page/r/CQZK9aLDn-QGEBM/review",
    "store_link": null,
    "questions": [
      {
        "id": "q1",
        "label": "評価【5点満点中】",
        "type": "select",
        "options": [
          "1点",
          "2点",
          "3点",
          "4点",
          "5点"
        ]
      },
      {
        "id": "q2",
        "label": "性別",
        "type": "select",
        "options": []
      },
      {
        "id": "q3",
        "label": "年齢",
        "type": "select",
        "options": []
      },
      {
        "id": "q4",
        "label": "年齢",
        "type": "select",
        "options": []
      },
      {
        "id": "q5",
        "label": "年齢",
        "type": "select",
        "options": []
      },
      {
        "id": "q6",
        "label": null,
        "type": "textarea",
        "placeholder": "例：スタッフさんがとても親切でした。"
      }
    ]
  },
  {
    "store_id": "3",
    "store_name": "",
    "title": "｜アンケート",
    "hero_image": "",
    "store_logo": "",
    "google_img": "",
    "google_link": "",
    "store_link": null,
    "questions": [
      {
        "id": "q1",
        "label": "評価【5点満点中】",
        "type": "select",
        "options": []
      },
      {
        "id": "q2",
        "label": "",
        "type": "select",
        "options": []
      },
      {
        "id": "q3",
        "label": "",
        "type": "select",
        "options": []
      },
      {
        "id": "q4",
        "label": "",
        "type": "select",
        "options": []
      },
      {
        "id": "q5",
        "label": "年齢",
        "type": "select",
        "options": []
      },
      {
        "id": "q6",
        "label": null,
        "type": "textarea",
        "placeholder": "例：スタッフさんがとても親切でした。"
      }
    ]
  },
  {
    "store_id": "4",
    "store_name": "",
    "title": "｜アンケート",
    "hero_image": "",
    "store_logo": "",
    "google_img": "",
    "google_link": "",
    "store_link": null,
    "questions": [
      {
        "id": "q1",
        "label": "評価【5点満点中】",
        "type": "select",
        "options": []
      },
      {
        "id": "q2",
        "label": "",
        "type": "select",
        "options": []
      },
      {
        "id": "q3",
        "label": "",
        "type": "select",
        "options": []
      },
      {
        "id": "q4",
        "label": "",
        "type": "select",
        "options": []
      },
      {
        "id": "q5",
        "label": "",
        "type": "select",
        "options": []
      },
      {
        "id": "q6",
        "label": null,
        "type": "textarea",
        "placeholder": "例：スタッフさんがとても親切でした。"
      }
    ]
  },
  {
    "store_id": "5",
    "store_name": "",
    "title": "｜アンケート",
    "hero_image": "",
    "store_logo": "",
    "google_img": "",
    "google_link": "",
    "store_link": null,
    "questions": [
      {
        "id": "q1",
        "label": "評価【5点満点中】",
        "type": "select",
        "options": []
      },
      {
        "id": "q2",
        "label": "",
        "type": "select",
        "options": []
      },
      {
        "id": "q3",
        "label": "",
        "type": "select",
        "options": []
      },
      {
        "id": "q4",
        "label": "",
        "type": "select",
        "options": []
      },
      {
        "id": "q5",
        "label": "",
        "type": "select",
        "options": []
      },
      {
        "id": "q6",
        "label": null,
        "type": "textarea",
        "placeholder": "例：スタッフさんがとても親切でした。"
      }
    ]
  },
  {
    "store_id": "6",
    "store_name": "",
    "title": "｜アンケート",
    "hero_image": "",
    "store_logo": "",
    "google_img": "",
    "google_link": "",
    "store_link": null,
    "questions": [
      {
        "id": "q1",
        "label": "評価【5点満点中】",
        "type": "select",
        "options": []
      },
      {
        "id": "q2",
        "label": "",
        "type": "select",
        "options": []
      },
      {
        "id": "q3",
        "label": "",
        "type": "select",
        "options": []
      },
      {
        "id": "q4",
        "label": "",
        "type": "select",
        "options": []
      },
      {
        "id": "q5",
        "label": "",
        "type": "select",
        "options": []
      },
      {
        "id": "q6",
        "label": null,
        "type": "textarea",
        "placeholder": "例：スタッフさんがとても親切でした。"
      }
    ]
  },
  {
    "store_id": "7",
    "store_name": "",
    "title": "｜アンケート",
    "hero_image": "",
    "store_logo": "",
    "google_img": "",
    "google_link": "",
    "store_link": null,
    "questions": [
      {
        "id": "q1",
        "label": "評価【5点満点中】",
        "type": "select",
        "options": []
      },
      {
        "id": "q2",
        "label": "",
        "type": "select",
        "options": []
      },
      {
        "id": "q3",
        "label": "",
        "type": "select",
        "options": []
      },
      {
        "id": "q4",
        "label": "",
        "type": "select",
        "options": []
      },
      {
        "id": "q5",
        "label": "",
        "type": "select",
        "options": []
      },
      {
        "id": "q6",
        "label": null,
        "type": "textarea",
        "placeholder": "例：スタッフさんがとても親切でした。"
      }
    ]
  },
  {
    "store_id": "8",
    "store_name": "",
    "title": "｜アンケート",
    "hero_image": "",
    "store_logo": "",
    "google_img": "",
    "google_link": "",
    "store_link": null,
    "questions": [
      {
        "id": "q1",
        "label": "評価【5点満点中】",
        "type": "select",
        "options": []
      },
      {
        "id": "q2",
        "label": "",
        "type": "select",
        "options": []
      },
      {
        "id": "q3",
        "label": "",
        "type": "select",
        "options": []
      },
      {
        "id": "q4",
        "label": "",
        "type": "select",
        "options": []
      },
      {
        "id": "q5",
        "label": "",
        "type": "select",
        "options": []
      },
      {
        "id": "q6",
        "label": null,
        "type": "textarea",
        "placeholder": "例：スタッフさんがとても親切でした。"
      }
    ]
  },
  {
    "store_id": "9",
    "store_name": "",
    "title": "｜アンケート",
    "hero_image": "",
    "store_logo": "",
    "google_img": "",
    "google_link": "",
    "store_link": null,
    "questions": [
      {
        "id": "q1",
        "label": "評価【5点満点中】",
        "type": "select",
        "options": []
      },
      {
        "id": "q2",
        "label": "",
        "type": "select",
        "options": []
      },
      {
        "id": "q3",
        "label": "",
        "type": "select",
        "options": []
      },
      {
        "id": "q4",
        "label": "",
        "type": "select",
        "options": []
      },
      {
        "id": "q5",
        "label": "",
        "type": "select",
        "options": []
      },
      {
        "id": "q6",
        "label": null,
        "type": "textarea",
        "placeholder": "例：スタッフさんがとても親切でした。"
      }
    ]
  },
  {
    "store_id": "10",
    "store_name": "",
    "title": "｜アンケート",
    "hero_image": "",
    "store_logo": "",
    "google_img": "",
    "google_link": "",
    "store_link": null,
    "questions": [
      {
        "id": "q1",
        "label": "評価【5点満点中】",
        "type": "select",
        "options": []
      },
      {
        "id": "q2",
        "label": "",
        "type": "select",
        "options": []
      },
      {
        "id": "q3",
        "label": "",
        "type": "select",
        "options": []
      },
      {
        "id": "q4",
        "label": "",
        "type": "select",
        "options": []
      },
      {
        "id": "q5",
        "label": "",
        "type": "select",
        "options": []
      },
      {
        "id": "q6",
        "label": null,
        "type": "textarea",
        "placeholder": "例：スタッフさんがとても親切でした。"
      }
    ]
  },
  {
    "store_id": "11",
    "store_name": "",
    "title": "｜アンケート",
    "hero_image": "",
    "store_logo": "",
    "google_img": "",
    "google_link": "",
    "store_link": null,
    "questions": [
      {
        "id": "q1",
        "label": "評価【5点満点中】",
        "type": "select",
        "options": []
      },
      {
        "id": "q2",
        "label": "",
        "type": "select",
        "options": []
      },
      {
        "id": "q3",
        "label": "",
        "type": "select",
        "options": []
      },
      {
        "id": "q4",
        "label": "",
        "type": "select",
        "options": []
      },
      {
        "id": "q5",
        "label": "",
        "type": "select",
        "options": []
      },
      {
        "id": "q6",
        "label": null,
        "type": "textarea",
        "placeholder": "例：スタッフさんがとても親切でした。"
      }
    ]
  },
  {
    "store_id": "12",
    "store_name": "",
    "title": "｜アンケート",
    "hero_image": "",
    "store_logo": "",
    "google_img": "",
    "google_link": "",
    "store_link": null,
    "questions": [
      {
        "id": "q1",
        "label": "",
        "type": "select",
        "options": []
      },
      {
        "id": "q2",
        "label": "",
        "type": "select",
        "options": []
      },
      {
        "id": "q3",
        "label": "",
        "type": "select",
        "options": []
      },
      {
        "id": "q4",
        "label": "",
        "type": "select",
        "options": []
      },
      {
        "id": "q5",
        "label": "",
        "type": "select",
        "options": []
      },
      {
        "id": "q6",
        "label": null,
        "type": "textarea",
        "placeholder": "例：スタッフさんがとても親切でした。"
      }
    ]
  },
  {
    "store_id": "13",
    "store_name": "",
    "title": "｜アンケート",
    "hero_image": "",
    "store_logo": "",
    "google_img": "",
    "google_link": "",
    "store_link": null,
    "questions": [
      {
        "id": "q1",
        "label": "",
        "type": "select",
        "options": []
      },
      {
        "id": "q2",
        "label": "",
        "type": "select",
        "options": []
      },
      {
        "id": "q3",
        "label": "",
        "type": "select",
        "options": []
      },
      {
        "id": "q4",
        "label": "",
        "type": "select",
        "options": []
      },
      {
        "id": "q5",
        "label": "",
        "type": "select",
        "options": []
      },
      {
        "id": "q6",
        "label": null,
        "type": "textarea",
        "placeholder": "例：スタッフさんがとても親切でした。"
      }
    ]
  },
  {
    "store_id": "14",
    "store_name": "",
    "title": "｜アンケート",
    "hero_image": "",
    "store_logo": "",
    "google_img": "",
    "google_link": "",
    "store_link": null,
    "questions": [
      {
        "id": "q1",
        "label": "",
        "type": "select",
        "options": []
      },
      {
        "id": "q2",
        "label": "",
        "type": "select",
        "options": []
      },
      {
        "id": "q3",
        "label": "",
        "type": "select",
        "options": []
      },
      {
        "id": "q4",
        "label": "",
        "type": "select",
        "options": []
      },
      {
        "id": "q5",
        "label": "",
        "type": "select",
        "options": []
      },
      {
        "id": "q6",
        "label": null,
        "type": "textarea",
        "placeholder": "例：スタッフさんがとても親切でした。"
      }
    ]
  },
  {
    "store_id": "15",
    "store_name": "",
    "title": "｜アンケート",
    "hero_image": "",
    "store_logo": "",
    "google_img": "",
    "google_link": "",
    "store_link": null,
    "questions": [
      {
        "id": "q1",
        "label": "",
        "type": "select",
        "options": []
      },
      {
        "id": "q2",
        "label": "",
        "type": "select",
        "options": []
      },
      {
        "id": "q3",
        "label": "",
        "type": "select",
        "options": []
      },
      {
        "id": "q4",
        "label": "",
        "type": "select",
        "options": []
      },
      {
        "id": "q5",
        "label": "",
        "type": "select",
        "options": []
      },
      {
        "id": "q6",
        "label": null,
        "type": "textarea",
        "placeholder": "例：スタッフさんがとても親切でした。"
      }
    ]
  },
  {
    "store_id": "16",
    "store_name": "",
    "title": "｜アンケート",
    "hero_image": "",
    "store_logo": "",
    "google_img": "",
    "google_link": "",
    "store_link": null,
    "questions": [
      {
        "id": "q1",
        "label": "",
        "type": "select",
        "options": []
      },
      {
        "id": "q2",
        "label": "",
        "type": "select",
        "options": []
      },
      {
        "id": "q3",
        "label": "",
        "type": "select",
        "options": []
      },
      {
        "id": "q4",
        "label": "",
        "type": "select",
        "options": []
      },
      {
        "id": "q5",
        "label": "",
        "type": "select",
        "options": []
      },
      {
        "id": "q6",
        "label": null,
        "type": "textarea",
        "placeholder": "例：スタッフさんがとても親切でした。"
      }
    ]
  },
  {
    "store_id": "17",
    "store_name": "",
    "title": "｜アンケート",
    "hero_image": "",
    "store_logo": "",
    "google_img": "",
    "google_link": "",
    "store_link": null,
    "questions": [
      {
        "id": "q1",
        "label": "",
        "type": "select",
        "options": []
      },
      {
        "id": "q2",
        "label": "",
        "type": "select",
        "options": []
      },
      {
        "id": "q3",
        "label": "",
        "type": "select",
        "options": []
      },
      {
        "id": "q4",
        "label": "",
        "type": "select",
        "options": []
      },
      {
        "id": "q5",
        "label": "",
        "type": "select",
        "options": []
      },
      {
        "id": "q6",
        "label": null,
        "type": "textarea",
        "placeholder": "例：スタッフさんがとても親切でした。"
      }
    ]
  },
  {
    "store_id": "18",
    "store_name": "",
    "title": "｜アンケート",
    "hero_image": "",
    "store_logo": "",
    "google_img": "",
    "google_link": "",
    "store_link": null,
    "questions": [
      {
        "id": "q1",
        "label": "",
        "type": "select",
        "options": []
      },
      {
        "id": "q2",
        "label": "",
        "type": "select",
        "options": []
      },
      {
        "id": "q3",
        "label": "",
        "type": "select",
        "options": []
      },
      {
        "id": "q4",
        "label": "",
        "type": "select",
        "options": []
      },
      {
        "id": "q5",
        "label": "",
        "type": "select",
        "options": []
      },
      {
        "id": "q6",
        "label": null,
        "type": "textarea",
        "placeholder": "例：スタッフさんがとても親切でした。"
      }
    ]
  },
  {
    "store_id": "19",
    "store_name": "",
    "title": "｜アンケート",
    "hero_image": "",
    "store_logo": "",
    "google_img": "",
    "google_link": "",
    "store_link": null,
    "questions": [
      {
        "id": "q1",
        "label": "",
        "type": "select",
        "options": []
      },
      {
        "id": "q2",
        "label": "",
        "type": "select",
        "options": []
      },
      {
        "id": "q3",
        "label": "",
        "type": "select",
        "options": []
      },
      {
        "id": "q4",
        "label": "",
        "type": "select",
        "options": []
      },
      {
        "id": "q5",
        "label": "",
        "type": "select",
        "options": []
      },
      {
        "id": "q6",
        "label": null,
        "type": "textarea",
        "placeholder": "例：スタッフさんがとても親切でした。"
      }
    ]
  },
  {
    "store_id": "20",
    "store_name": "",
    "title": "｜アンケート",
    "hero_image": "",
    "store_logo": "",
    "google_img": "",
    "google_link": "",
    "store_link": null,
    "questions": [
      {
        "id": "q1",
        "label": "",
        "type": "select",
        "options": []
      },
      {
        "id": "q2",
        "label": "",
        "type": "select",
        "options": []
      },
      {
        "id": "q3",
        "label": "",
        "type": "select",
        "options": []
      },
      {
        "id": "q4",
        "label": "",
        "type": "select",
        "options": []
      },
      {
        "id": "q5",
        "label": "",
        "type": "select",
        "options": []
      },
      {
        "id": "q6",
        "label": null,
        "type": "textarea",
        "placeholder": "例：スタッフさんがとても親切でした。"
      }
    ]
  }
] 


